component1,component2,component3,label
-0.25267467,1.8978288,0.20512554,InfoVis
4.1776648,0.39555252,-0.35951886,InfoVis
-1.0839843,-0.3049416,-0.014619463,InfoVis
0.06540061,0.8425508,-0.4503978,InfoVis
-0.814887,0.6227358,0.2247535,InfoVis
2.6955733,1.5969123,-0.32515737,InfoVis
0.044346668,2.0848238,0.15010199,InfoVis
-1.0678247,0.93909127,-0.033157855,InfoVis
2.1811874,4.130373,0.10143924,InfoVis
0.4302003,6.4452014,0.8899096,InfoVis
-0.73060703,-0.0014698867,-0.2699731,InfoVis
0.69446826,2.4033566,-0.23646453,InfoVis
-0.70904344,1.8846247,0.29965934,InfoVis
-0.9427061,0.3579051,-0.42911506,InfoVis
0.023837375,2.0073302,-0.10841173,InfoVis
-0.9629031,1.3508798,0.32870722,InfoVis
-0.14140227,1.7029233,-0.054494657,InfoVis
0.30919915,2.6552966,0.48039937,InfoVis
-0.2540175,1.0235082,0.10684801,InfoVis
-1.3287625,1.3542957,-0.1875111,InfoVis
-1.6747986,-0.5444333,-0.39197668,InfoVis
-0.6350372,0.9244703,-0.13792518,InfoVis
-1.0522531,0.29318002,-0.24808125,InfoVis
-0.25889015,1.9167285,-0.045025352,InfoVis
-0.32241297,0.2690736,-0.016626593,InfoVis
1.6024313,2.8973475,-0.005170021,InfoVis
-0.5341132,2.9249585,0.2240643,InfoVis
-0.5936003,4.306186,0.5161153,InfoVis
-0.08711404,2.1009295,-0.02885431,InfoVis
-1.1178223,-0.14579625,-0.22866891,InfoVis
-0.18620637,2.0158179,0.16024953,InfoVis
-1.0324173,3.6854715,0.30543387,InfoVis
-1.3993441,1.1584307,-0.21726415,InfoVis
-0.61445594,1.0464094,-0.1285291,InfoVis
0.04629152,5.315931,0.5531563,InfoVis
-0.31388924,2.5500314,-0.027684046,InfoVis
-0.9704939,0.77518535,0.30813155,InfoVis
0.17605981,1.6262381,-0.0066115353,InfoVis
-0.37061724,0.44884133,0.06941597,InfoVis
-0.36922985,-0.16792949,0.11724452,InfoVis
-0.7628547,2.9564319,0.14735508,InfoVis
-1.449556,0.7839598,-0.20390542,InfoVis
0.2965147,2.1884294,0.5656928,InfoVis
0.146793,2.5392776,-0.068895854,InfoVis
0.3336166,1.3695582,-0.15098193,InfoVis
-0.39419603,1.8947259,0.05113456,InfoVis
-0.85122305,1.1039319,-0.025698664,InfoVis
-0.64752746,0.04127181,-0.22290245,InfoVis
-0.4061604,3.3111563,0.2607361,InfoVis
-1.3065319,1.4773697,-0.2675897,InfoVis
-1.6842196,-0.94093496,-0.5160955,InfoVis
-1.0821778,1.9161102,-0.1079559,InfoVis
-0.17955735,1.4792771,-0.212672,InfoVis
-0.6304105,0.6804682,-0.15095446,InfoVis
-1.2698398,-1.0571804,-0.21951951,InfoVis
-0.94264543,0.7566901,0.1514413,InfoVis
-0.7945023,0.2738634,-0.10938126,InfoVis
-0.22253855,-0.16216767,-0.07642126,InfoVis
-0.5210989,-0.27575943,-0.32332554,InfoVis
-1.2751554,-0.38817134,-0.37291795,InfoVis
-1.1372724,-0.24854666,-0.117560074,InfoVis
-1.0678247,0.93909127,-0.033157855,InfoVis
4.5791373,3.304993,1.0852411,InfoVis
0.112724476,0.46955386,-0.24421577,InfoVis
-0.3276866,0.38078025,-0.12626451,InfoVis
-0.27014923,-0.9523553,0.5850743,InfoVis
-1.1473932,-0.20486714,-0.4341384,InfoVis
-1.5562748,-1.2325093,-0.5555352,InfoVis
-1.6101491,-1.2691698,-0.51192,InfoVis
-0.62979573,-0.0032248478,-0.31677735,InfoVis
-1.0518868,1.5602112,-0.1098335,InfoVis
-0.060047504,1.795025,-0.010437733,InfoVis
-0.3593061,-0.28748056,-0.12446109,InfoVis
-1.4161904,2.4759657,0.018284392,InfoVis
-1.0165653,-0.2644407,0.35358894,InfoVis
-0.9298928,1.7945875,0.39905277,InfoVis
-0.6272848,2.0282602,0.5259433,InfoVis
-1.1370028,1.9258815,-0.10007275,InfoVis
-0.39372182,2.1609795,-0.029742518,InfoVis
-1.3545998,-0.5773755,-0.24124222,InfoVis
-0.61934733,2.4304686,-0.15675445,InfoVis
-0.9415846,1.4959744,-0.0012509329,InfoVis
-1.3968302,-1.4960979,0.34349602,InfoVis
-1.1361133,-0.6100841,0.1313263,InfoVis
-1.2906971,1.1086977,-0.24634446,InfoVis
-1.2903148,0.9567602,-0.308494,InfoVis
-0.11757545,3.7737973,0.33109808,InfoVis
1.36059,1.3179889,-0.5591516,InfoVis
-0.85045004,0.059505872,-0.20546956,InfoVis
0.33053258,0.85365385,-0.29391852,InfoVis
-0.44522482,1.9604726,-0.07981159,InfoVis
-0.092277095,2.7737665,0.57521296,InfoVis
-0.95086366,1.4212645,0.14021774,InfoVis
-0.86216384,2.6520977,0.26882002,InfoVis
-0.21008831,0.37087184,0.075840764,InfoVis
-0.7191682,4.416622,0.4948959,InfoVis
-0.33743796,0.7743586,0.31321773,InfoVis
-0.730436,2.6280305,0.18755525,InfoVis
-1.1480485,-1.1915555,0.11251578,InfoVis
-0.58567643,0.7777554,-0.11843413,InfoVis
-1.350824,1.0869259,-0.02346317,InfoVis
-0.76096255,1.5011338,-0.12592529,InfoVis
-1.028892,1.8814102,-0.18488774,InfoVis
-0.7816711,1.7550843,-0.19378456,InfoVis
-1.6292784,1.3442641,-0.22724473,InfoVis
-0.13656315,0.6481124,-0.47795096,InfoVis
-0.07712312,4.2728844,0.37493798,InfoVis
-0.9897098,2.0442283,-0.1136837,InfoVis
-1.1532384,0.68231815,-0.21305682,InfoVis
-0.5513783,2.5626352,-0.11073773,InfoVis
-1.4455473,-0.8732577,-0.39345104,InfoVis
-1.4870934,-1.0803896,-0.2947583,InfoVis
-1.4417961,-2.065542,-0.23263763,InfoVis
-1.2270007,1.5412065,0.52105254,InfoVis
2.5290487,2.3700137,-0.18822914,InfoVis
-0.44529167,1.2210025,0.2941972,InfoVis
-0.6905839,0.5244723,0.068168685,InfoVis
0.060422797,1.3516062,0.21414532,InfoVis
-0.19418216,1.6990628,0.051579844,InfoVis
-0.9915513,1.790755,0.5340665,InfoVis
-0.70201933,0.2726159,-0.08681159,InfoVis
-0.36161268,1.7289482,-0.019439287,InfoVis
0.06929122,4.6705647,0.43615875,InfoVis
-1.0159276,-1.8207175,-0.015406092,InfoVis
-1.040226,0.34460294,0.061514705,InfoVis
-0.8133469,1.223198,-0.12628238,InfoVis
-0.1902116,0.26532924,-0.16824019,InfoVis
-1.2540865,1.1475886,-0.041045494,InfoVis
-1.1984497,1.0802981,-0.24240683,InfoVis
-1.3986243,-0.41265553,-0.39477316,InfoVis
-1.2294005,2.4719942,0.06344837,InfoVis
-1.7868088,0.30775082,-0.40647534,InfoVis
2.0041819,3.419718,-0.27481902,InfoVis
2.1652603,3.329531,0.05834523,InfoVis
-0.70561457,0.7581495,0.0015031365,InfoVis
-1.3440025,0.21396151,-0.30608946,InfoVis
-1.3151547,3.9310536,0.42126626,InfoVis
-1.0797107,2.129972,-0.015209333,InfoVis
-1.4179769,0.51015085,-0.19332305,InfoVis
-0.74716437,1.2183013,0.19283453,InfoVis
-0.057649884,2.008515,0.09130581,InfoVis
-1.5831475,1.2139387,-0.12984674,InfoVis
-0.62026703,1.5257677,-0.34340057,InfoVis
-0.9141062,1.290039,0.08261892,InfoVis
-1.4783968,-0.81380594,-0.51715755,InfoVis
-0.16104488,3.1022065,0.40907934,InfoVis
-1.0589441,0.90509725,-0.36460698,InfoVis
-0.17849207,2.7905927,0.0932228,InfoVis
-1.4554045,-0.4653142,-0.42204848,InfoVis
-1.3014809,0.49194613,-0.2828248,InfoVis
-0.7925807,1.5804167,-0.19508164,InfoVis
-0.16357498,1.3708357,-0.1708579,InfoVis
-1.0129161,2.1544113,-0.06806295,InfoVis
-0.83394,0.2669916,-0.20025235,InfoVis
-1.12406,-2.0053828,-0.022688061,VAST
-1.2800568,-2.1738498,0.15291595,VAST
-1.5295855,0.95379907,-0.41247618,VAST
-1.5524011,-0.24986207,-0.63107586,VAST
-1.5011268,-1.315468,-0.18999347,VAST
-0.41539142,0.21010388,-0.1440322,VAST
-0.6985863,1.0800474,0.04983062,VAST
-0.4399718,0.17302616,-0.01596834,VAST
-1.5123432,-1.6460507,-0.29563108,VAST
-1.6548132,-0.29236212,-0.42141074,VAST
-1.0304646,-1.7387518,-0.057585903,VAST
-0.9660131,0.11051217,-0.38907054,VAST
-1.5319653,-1.4440621,-0.35693875,VAST
-1.2475144,-1.9190586,0.13185331,VAST
-1.5335363,-1.351456,-0.51752985,VAST
-1.295771,-0.83354366,-0.39684445,VAST
-1.6268508,-1.3214414,-0.36209056,VAST
-1.5602715,-1.878415,-0.16400695,VAST
-0.89963305,-0.49354059,-0.4001938,VAST
-1.3810924,-2.1934743,-0.0048529827,VAST
-1.2627914,-2.6001837,0.21233782,VAST
-1.2574868,-0.9367447,-0.4265377,VAST
-1.3131303,-1.94808,-0.07378284,VAST
-1.8544856,-0.61602414,-0.58339363,VAST
0.082400136,-2.769445,0.707719,VAST
-0.52498907,-1.0430489,-0.12889186,VAST
-1.2414082,1.1364439,0.4557413,InfoVis
-1.0592105,1.3425709,0.1356994,InfoVis
-1.4598408,0.68480635,-0.40091506,InfoVis
-0.5524779,-0.8944946,0.44562024,InfoVis
-0.9893823,3.4608002,0.26536867,InfoVis
-1.0668453,2.4452064,0.37213385,InfoVis
-1.6570989,-1.5537053,-0.6489965,InfoVis
-0.9701917,2.4698925,0.5544515,InfoVis
-1.0043616,3.0650482,0.09791708,InfoVis
-1.0163229,2.3608065,0.40808,InfoVis
-1.0900971,1.7796634,-0.15216132,InfoVis
-0.36317033,-0.40487516,0.09588078,InfoVis
-1.0131588,0.730046,-0.25558874,InfoVis
-1.1435782,0.25788823,0.016978543,InfoVis
-0.6857075,0.23962107,-0.12678784,InfoVis
-0.4704238,0.32629135,0.25776285,InfoVis
-1.5542275,1.4832864,0.10426635,InfoVis
-0.7334865,3.0483978,0.03982659,InfoVis
-1.6220207,2.1386952,-0.026510406,InfoVis
-0.20559415,2.718208,0.28337154,InfoVis
-1.4245659,0.6586248,0.03198674,InfoVis
-1.2415342,-1.3663149,-0.15652107,InfoVis
-0.9051011,2.7300634,0.4438849,InfoVis
-0.08820724,2.2227986,0.015682992,InfoVis
-1.3015273,-0.34647572,-0.1649965,InfoVis
-1.4086236,-0.85647964,-0.21158047,InfoVis
1.4072816,3.0414028,0.68405277,InfoVis
-1.1429678,-2.4763365,0.3253089,VAST
-1.2777973,-2.1650743,-0.09240673,VAST
-1.4349314,-1.6472664,-0.0118996985,VAST
-1.4323105,-1.960941,-0.17996831,VAST
-1.2880167,-1.7088064,0.36477947,VAST
-1.062261,-1.3673726,-0.22629784,VAST
-1.0658869,-2.4522161,0.12942182,VAST
-1.3293198,-2.5038779,0.19087324,VAST
-1.2552426,-2.0918455,0.31209388,VAST
-1.0279788,-2.3657603,0.5344853,VAST
-1.4337327,-1.3788184,-0.34830275,VAST
-1.2337409,-0.93844056,-0.2470175,VAST
-1.6724535,-1.7299795,-0.3612837,VAST
-1.5435028,-1.269568,-0.4196776,VAST
-1.4293191,-0.58658624,-0.41210118,VAST
-1.727742,-1.32591,0.09212923,VAST
-1.1560299,-0.30018628,-0.21319968,VAST
-1.4059213,-0.12465477,-0.29252717,VAST
-1.567422,-1.423529,-0.16308367,VAST
-1.2989676,-0.5649285,-0.530261,VAST
-1.4731786,-0.90951234,0.061084818,VAST
-1.4242938,-1.4807462,-0.5353757,VAST
-1.3316618,-0.23867443,0.06637363,VAST
-1.1805261,2.2629054,0.2726918,InfoVis
-0.6011373,2.4339776,-0.081631064,InfoVis
-1.2823441,0.47970155,-0.29787177,InfoVis
-1.2882266,-0.5476136,-0.011821353,InfoVis
-1.0619075,1.7414788,0.43093482,InfoVis
-0.68353176,1.0370328,0.06435158,InfoVis
-1.010523,0.354464,-0.13979886,InfoVis
-0.9315842,2.938659,0.09813536,InfoVis
-1.0248762,2.618747,0.14697637,InfoVis
-1.5260797,-0.8027681,0.016495304,InfoVis
-1.292964,-0.59659046,-0.18148082,InfoVis
-1.2151028,1.965014,-0.10125626,InfoVis
-0.9113109,1.4427186,-0.09362146,InfoVis
0.16298471,-0.36054507,0.043100696,InfoVis
-0.93032444,0.71218026,-0.29376265,InfoVis
1.7547092,3.3017483,-0.047530558,InfoVis
-0.7589873,1.9738755,0.75962037,InfoVis
-1.114967,2.5861094,0.008925802,InfoVis
-0.5005399,2.7376044,-0.060192157,InfoVis
-0.60785955,3.5257673,0.3427242,InfoVis
-1.3486971,1.1039191,-0.03556021,InfoVis
-0.8534872,2.4006298,0.12769201,InfoVis
-1.5787613,0.21013151,-0.38034353,InfoVis
-1.4242924,-0.0602623,-0.2872953,InfoVis
-1.2894212,-0.4404984,-0.40086758,InfoVis
-0.98040116,-0.67272943,-0.3720645,InfoVis
-1.0830446,-0.3937015,-0.2694172,InfoVis
-1.4421121,-0.39749628,-0.2981305,InfoVis
-1.3448986,-2.8108094,0.5941626,VAST
-1.2994151,-2.7155328,0.5208376,VAST
-1.2344092,-0.48339376,-0.35881463,VAST
-1.3250297,-1.8196332,0.17902632,VAST
-1.4295937,-1.2783757,0.0010816457,VAST
-1.4690012,-1.9805977,0.044926148,VAST
-1.3453406,-2.217569,0.2023577,VAST
-1.4470445,-1.3988112,-0.47181383,VAST
-1.562861,-1.312927,0.122418106,VAST
-1.5202901,-1.5587409,-0.16809441,VAST
-0.8994523,-1.8275561,0.28305733,VAST
-0.981589,-2.4574397,0.1998745,VAST
-1.2861491,0.7355779,-0.17735077,InfoVis
-0.99912554,2.850714,0.022848878,InfoVis
-0.96431047,0.47523648,0.12715007,InfoVis
-1.027178,1.9891737,0.7952369,InfoVis
-1.0282483,-0.03189199,-0.2793269,InfoVis
-1.4824177,-1.3881176,-0.12882821,InfoVis
-1.103391,2.9600675,0.35323384,InfoVis
-0.9644116,1.0537766,-0.07110327,InfoVis
-0.4757311,2.0227573,0.04505297,InfoVis
-0.8699653,2.4698894,0.29733747,InfoVis
-0.89876425,-0.548801,-0.056222755,InfoVis
-0.9514721,0.51474243,-0.34880033,InfoVis
-1.2638998,-0.84293586,-0.30571494,InfoVis
-1.166864,-0.3914928,-0.25477287,InfoVis
-1.023517,0.2538531,-0.22020005,InfoVis
-0.8668007,-0.7362366,-0.07132463,InfoVis
-0.5681045,-0.20975935,-0.15731156,InfoVis
-1.376247,-0.33430797,-0.32532725,InfoVis
-1.0892824,0.6051151,-0.29466113,InfoVis
-1.1644683,0.59600914,0.18706393,InfoVis
-1.1977596,-0.01859653,0.072434686,InfoVis
-1.3972659,0.34085956,-0.35275707,InfoVis
-0.89798284,1.5121666,0.25757024,InfoVis
-1.503695,0.584333,-0.29716387,InfoVis
-0.524886,2.3204017,0.45580792,InfoVis
-0.9471836,1.1670189,-0.19622664,InfoVis
-0.31169707,2.2243304,0.31006324,InfoVis
-1.4982847,-0.9765676,-0.32106525,InfoVis
-0.9598016,0.7066931,-0.24839683,InfoVis
-0.88758814,0.47579035,-0.04048197,InfoVis
-0.8871615,1.3966131,-0.30722862,InfoVis
-1.4586458,-0.88949317,-0.36913672,InfoVis
-1.068224,-0.4203904,-0.19133869,InfoVis
-0.62978077,0.9463261,-0.14795877,InfoVis
-0.9723336,0.38655785,-0.2541654,InfoVis
-1.3069254,2.1943655,-0.11403194,InfoVis
-1.1542088,-0.025642376,-0.3414572,InfoVis
-1.3205472,-2.0101705,0.23205537,VAST
-0.64924264,-0.5046929,0.1845811,VAST
-1.190047,-1.4646969,0.36968994,VAST
-1.2409024,-1.2376579,-0.15749475,VAST
-1.3945427,-2.3514223,-0.022915503,VAST
-0.8716146,-1.3586569,0.6248011,VAST
-0.8800068,-0.95602554,0.123734325,VAST
-1.5697702,-1.96662,0.08046153,VAST
-1.2745254,-1.891712,-0.16307688,VAST
-1.4503764,-1.2440467,-0.48154798,VAST
-0.962853,-2.5889034,0.5717844,VAST
-1.723747,-0.17597598,-0.3890455,VAST
-1.2295095,-2.0646653,-0.08298374,VAST
-1.1195209,0.13146524,-0.4158157,VAST
-0.4882022,-2.0406075,0.2517515,VAST
0.09133744,-0.10200427,-0.2188588,VAST
0.3399122,1.1389744,-0.04233197,VAST
-1.4083227,-1.7662036,-0.34544846,VAST
-1.3584933,-0.2464262,-0.30159593,VAST
-0.77708465,0.5957388,-0.17193358,InfoVis
-1.7952436,-1.1421694,-0.5348384,InfoVis
-0.38823822,0.8872753,-0.045710802,InfoVis
-0.66774905,0.19835834,-0.047475923,InfoVis
-1.0315124,1.4507024,0.13095127,InfoVis
-0.6748356,1.9023514,0.088853724,InfoVis
-0.2772231,2.5589375,0.0010228453,InfoVis
-1.5226806,1.1073883,-0.18913473,InfoVis
-1.0320877,1.4240025,-0.299074,InfoVis
-0.49878913,1.8564545,0.250756,InfoVis
-0.71317595,2.4454076,0.3443187,InfoVis
-0.48928246,0.20410585,-0.11207807,InfoVis
-1.1496094,1.2746372,0.15446788,InfoVis
-0.6989929,1.5219187,0.04225233,InfoVis
-0.8730599,0.93358594,-0.1772056,InfoVis
-0.36013672,-0.1399596,0.11510673,InfoVis
-1.2411089,1.0567769,0.04077247,InfoVis
-1.0627376,1.3811294,0.21097381,InfoVis
-0.32345656,2.2551365,0.0153691815,InfoVis
-1.5375046,-0.89267355,-0.20843282,InfoVis
-1.0134063,0.48307645,0.18808103,InfoVis
-0.5281336,1.7956028,-0.26070905,InfoVis
-0.10336868,4.828228,0.65833956,InfoVis
-0.42965373,3.0829787,0.41016322,InfoVis
-0.52988607,-0.24096332,0.095462866,InfoVis
-1.3179414,0.41997477,-0.22488771,InfoVis
-0.07355084,1.4338855,0.05342841,InfoVis
-0.8282775,2.2530906,0.16925061,InfoVis
-0.927788,0.5221622,-0.26070806,InfoVis
-0.009914577,3.1820078,0.3337388,InfoVis
-1.089463,2.1483037,0.028277408,InfoVis
-0.114615984,0.08372377,0.04428048,InfoVis
-0.5241443,2.2981725,-0.22942345,InfoVis
-0.8634989,0.23135358,-0.31735754,InfoVis
-1.9905125,-1.8716238,-0.91031873,VAST
0.64538294,-3.9468458,2.1871293,VAST
-1.2317668,-2.613909,0.4258294,VAST
-1.528459,-2.4716256,-0.030359237,VAST
-1.5652504,-1.7516165,-0.39757168,VAST
-1.0668486,-2.42871,0.16171238,VAST
-1.4731352,-2.3409336,0.10041406,VAST
-1.3051498,-2.0582685,0.33055824,VAST
-0.81352043,-1.025798,-0.27660236,VAST
-0.78021735,-1.0359635,0.2572284,VAST
-1.2885144,-1.7567792,-0.18812673,VAST
-1.3728191,-2.1576643,0.25037858,VAST
-1.5765378,-1.0985988,-0.55605584,VAST
-1.3964746,-1.6296586,-0.18576844,VAST
-1.3990784,-0.9734834,-0.18940769,VAST
-0.56079876,-1.6808118,0.686864,VAST
-1.6399056,-1.4066193,-0.33830696,VAST
-1.5030664,-1.8914499,-0.42955834,VAST
-1.6814957,-0.2840776,-0.48036426,VAST
-1.526393,-1.8472182,-0.14088191,VAST
-1.3673724,-2.2680085,-0.20274366,VAST
-1.0529282,-0.8853213,-0.22240393,VAST
-1.407205,-1.771462,-0.046142753,VAST
-0.82115626,-1.3309026,-0.08307402,VAST
-0.98256016,-2.0412183,0.06237088,VAST
0.2873234,2.49008,0.07810735,InfoVis
-0.5196045,-0.37440977,-0.058792602,InfoVis
-0.22198382,0.47823548,-0.090483375,InfoVis
0.8091785,2.3210752,0.0060202507,InfoVis
-1.3519382,-0.31432742,-0.33417118,InfoVis
-0.44247523,1.7524134,0.02608005,InfoVis
-0.35608745,2.593491,0.33996487,InfoVis
-1.1062914,-0.06284807,-0.089257374,InfoVis
-1.1170877,-1.4569913,0.44014564,InfoVis
-1.6094767,-1.1541599,-0.20170657,InfoVis
-1.1371644,-0.36080995,0.13934688,InfoVis
-0.8445702,2.0357156,0.29670888,InfoVis
-1.0026524,3.5956583,0.8896894,InfoVis
-1.0805043,1.7310257,-0.009092486,InfoVis
-0.963175,1.0859698,-0.3782517,InfoVis
-1.4850391,-0.10021166,-0.13153464,InfoVis
-0.58648485,1.3318102,-0.2698816,InfoVis
0.49841475,3.1626325,0.04115332,InfoVis
0.5367889,1.0699599,-0.021344215,InfoVis
-0.8628482,2.714852,0.22637853,InfoVis
-0.88974625,1.163154,0.11069459,InfoVis
-0.16708647,1.21755,-0.005595957,InfoVis
-0.52967227,2.102163,0.3222652,InfoVis
-0.6279541,1.676001,0.20069242,InfoVis
-1.1517634,0.58783907,-0.12657982,InfoVis
0.5202396,1.6522717,-0.15042493,InfoVis
-0.28342992,1.7512399,0.42142916,InfoVis
-1.1921246,-0.43060243,-0.13984613,InfoVis
-1.2544869,1.9529964,-0.031840283,InfoVis
-0.9828605,0.12985098,0.16194113,InfoVis
-0.024941748,2.2307138,-0.0029208187,InfoVis
-1.0981863,1.3582313,0.006076002,InfoVis
-0.320131,3.6707215,0.3462325,InfoVis
-1.1108812,1.188835,0.4359612,InfoVis
-0.6120818,0.686902,0.19482614,InfoVis
-0.90832573,2.0431488,0.13563845,InfoVis
1.9619787,1.8712023,-0.030929377,InfoVis
-0.6004141,0.020107787,-0.18401125,InfoVis
-1.8514235,-0.986405,-0.3474787,InfoVis
-1.2887299,1.4157575,-0.18710873,InfoVis
-1.1282687,1.0307444,-0.09579918,InfoVis
-0.76959705,1.9116307,0.055682346,InfoVis
-0.9152673,-0.77423704,-0.013957459,InfoVis
-0.9830869,1.3498743,0.08138912,InfoVis
-1.3850833,-0.63501006,0.02964595,VAST
-1.3847914,-2.1369133,0.22920863,VAST
-1.3066986,-0.2206402,-0.38936484,VAST
-1.563014,-1.2309505,-0.39549696,VAST
-1.4699938,-0.7847143,-0.5643903,VAST
-1.5319929,-1.5629585,-0.1349529,VAST
-1.3191345,-1.5832657,0.41691208,VAST
-0.77114344,-2.1480353,0.33154732,VAST
-0.91993886,-1.4344125,-0.079086885,VAST
-1.0142801,-1.9552627,0.26616773,VAST
-1.6158278,-2.0055182,-0.2927863,VAST
-0.3063449,-2.7652512,0.506078,VAST
-1.2517669,-1.804123,0.009200398,VAST
-1.1420262,0.47525236,-0.37152383,VAST
-1.4113665,-2.1438103,0.10833527,VAST
2.9077058,0.93465525,0.022777291,SciVis
5.1875153,-2.5424109,-0.04895853,SciVis
5.43238,2.9716136,0.40557274,SciVis
-1.0698483,1.3407782,-0.1570936,InfoVis
-0.46583253,-1.9534696,0.9936121,SciVis
-0.9419986,-1.7042867,0.61953527,VAST
0.65097713,2.79125,-0.08410188,InfoVis
-0.113966934,2.6693442,0.11641251,InfoVis
5.841792,1.7935885,-0.41229117,SciVis
-1.3553739,-2.0849762,0.30765638,VAST
0.36616164,2.6563709,0.15444027,InfoVis
-0.27291766,2.5722358,0.18705057,InfoVis
8.683893,-0.3783754,-0.47811,SciVis
-0.5856213,2.3870585,0.32381615,InfoVis
4.470348,-1.0564435,0.008402514,SciVis
4.8959455,-1.7320555,-0.6547894,SciVis
4.0115004,-0.27082673,-0.35697544,SciVis
-1.0866406,0.85911196,0.14838585,InfoVis
-0.63777125,2.2848566,0.061885063,InfoVis
7.9618673,-0.8763102,-0.11161792,SciVis
-0.7483581,-0.15946229,-0.19844387,InfoVis
-1.2083694,2.422049,-0.012372075,InfoVis
6.125107,-0.11057107,0.04896986,SciVis
9.850338,-0.6090145,-0.56142944,SciVis
9.485095,-2.6093569,0.03564101,SciVis
-0.9891432,1.1798853,0.008068087,InfoVis
-1.1046119,1.6666255,0.67360544,InfoVis
-0.68836695,0.44398957,-0.23216853,InfoVis
-0.9865498,0.7336152,-0.21320891,InfoVis
2.895196,1.3286095,-0.030450799,SciVis
2.477354,0.09756773,-0.07753004,SciVis
5.626454,-1.8667724,0.5481443,SciVis
-1.38394,-1.749224,0.031596895,VAST
-0.1461206,2.3623207,0.2543554,InfoVis
-0.94049805,1.3150973,-0.05761181,InfoVis
-0.9873575,-0.65192103,-0.036670633,SciVis
1.2838206,0.22749607,0.014848134,SciVis
-1.2300228,-1.9106389,0.104737565,VAST
-1.6557983,-1.2736992,-0.018656043,InfoVis
-1.2015885,0.28139237,-0.3758269,InfoVis
2.0316806,-1.414578,0.08885999,SciVis
7.5371227,0.11086093,0.07094533,SciVis
-0.33898202,2.120933,0.022632496,InfoVis
-0.18245,1.2699913,0.03643756,InfoVis
5.9370165,-1.0872053,-0.09011663,SciVis
10.533745,1.5807348,-0.273026,SciVis
-0.3861856,3.4253597,0.41965443,InfoVis
2.391027,0.2226723,0.107898906,SciVis
-0.77834004,2.4581733,-0.13495837,InfoVis
-0.66711104,1.6873417,0.2720123,InfoVis
-0.7765938,1.8644389,-0.16345438,InfoVis
6.768545,-3.1934521,-0.10041252,SciVis
6.837394,-0.840898,-0.17705956,SciVis
3.5764205,-0.49881586,-0.71837234,SciVis
6.3539443,0.7238347,-0.0004051248,SciVis
-0.49997443,0.27908742,-0.09392319,InfoVis
-1.008641,2.5851388,-0.0018305121,InfoVis
1.1384845,-2.25973,-0.13083415,SciVis
2.2600105,-2.667612,0.734739,SciVis
-0.83292127,1.6991061,-0.21651225,InfoVis
0.053641528,2.8931108,0.31728312,InfoVis
-1.633398,-0.549237,-0.26229933,InfoVis
-1.6163342,-0.05438031,-0.27147058,InfoVis
-0.68020725,-0.15411568,-0.13998516,VAST
-1.3840717,0.23985364,-0.32035863,InfoVis
-0.9751871,-0.83847624,0.32741556,InfoVis
-1.166521,-1.7990531,-0.009613481,VAST
6.34764,-2.6147346,-0.2784597,SciVis
-1.2847724,-1.7599471,0.25370508,VAST
1.528036,-0.80879396,0.007558853,SciVis
-0.20647983,2.5373485,0.29987428,InfoVis
-1.682868,-2.2294803,-0.33372465,InfoVis
-0.8183476,1.88885,-0.055242844,InfoVis
-0.80605674,0.18539773,0.43391407,InfoVis
7.552247,1.0740718,-0.26356566,SciVis
6.1422415,-0.6138618,0.57927144,SciVis
-0.41151965,0.87426305,0.108230166,InfoVis
-0.65580577,0.48077223,-0.08472337,InfoVis
-1.2771268,-1.9767731,0.0007499786,VAST
3.8480506,-0.708571,-0.43163657,SciVis
-0.5274962,1.5358914,0.058267772,InfoVis
-1.2852868,-1.2519361,0.14384335,VAST
-1.5187063,-2.1479332,0.03472439,VAST
1.3911359,-2.8873093,0.98368955,SciVis
-0.23866206,0.90811133,0.29183617,InfoVis
-0.09028275,-0.21064122,0.0941172,SciVis
11.475772,-2.6822064,-0.1572944,SciVis
4.6904025,-0.767909,-0.35048813,SciVis
5.149212,-1.3710883,-0.58554864,SciVis
1.5557498,-0.7511485,0.64968807,SciVis
-0.97334594,-0.8736615,0.06029892,InfoVis
-1.1984893,-0.2434996,-0.32583168,InfoVis
6.410426,-1.4553303,-0.17169291,SciVis
0.060422797,1.3516062,0.21414532,InfoVis
-1.6733906,-1.1072611,-0.36793613,InfoVis
3.5744069,0.0028077671,0.022698952,SciVis
-1.3639743,-1.1797142,-0.49036986,VAST
-1.0075312,0.37209225,0.049308967,VAST
-0.8726188,-0.8136178,0.023863373,VAST
-1.3057307,-0.6550152,-0.09250256,VAST
-0.6391162,0.7086963,0.019633457,VAST
-0.4144208,-0.6824906,-0.022668492,VAST
-1.640303,-0.5852522,-0.4384645,VAST
-1.3123227,-1.4732177,0.24028094,VAST
-1.0333885,0.6628311,-0.033228166,InfoVis
-0.79840624,0.70891696,0.5323908,InfoVis
4.3063,1.8758801,0.0038318448,SciVis
-0.63675344,0.10121184,0.35295165,InfoVis
2.562762,0.37019637,-0.2744534,SciVis
-1.0683931,1.5848904,0.6695941,InfoVis
-1.0716927,-2.054107,0.7932559,VAST
0.34882852,1.416094,0.8735184,SciVis
1.0691433,1.8943983,-0.32080135,SciVis
4.75018,-1.1154203,0.121005364,SciVis
10.488028,1.6316282,-0.28623882,SciVis
-0.73685455,-0.12186401,0.29359898,InfoVis
-0.18188551,-2.821994,0.76436603,SciVis
-1.407976,-0.15171108,0.0016299332,VAST
-0.19120152,-0.87715894,0.73983985,SciVis
0.08186993,3.050059,0.48135376,InfoVis
7.024909,1.5147642,0.031149765,SciVis
-0.85615677,1.1229185,-0.32122555,InfoVis
0.6821835,-2.7786381,0.538326,SciVis
7.474632,1.1014192,-0.3475024,SciVis
-0.18096066,2.0937994,-0.15287718,InfoVis
0.9505801,-1.4650952,0.5052063,SciVis
3.2522697,-2.1817806,0.26634857,SciVis
2.6210153,-2.415847,1.3229305,SciVis
2.5441895,-1.920501,0.5202931,SciVis
-0.17756376,1.8138145,0.3326001,InfoVis
-1.2279145,-2.1473746,0.1560661,VAST
0.55777687,-0.9333737,0.49121696,SciVis
3.4052024,-1.6534361,0.26359823,SciVis
-1.09236,1.5018922,-0.099890284,InfoVis
-0.96001714,1.1891439,0.18273221,InfoVis
-1.0083586,1.6549532,-0.19642745,InfoVis
1.6400893,-3.1570408,0.71665305,SciVis
-0.6752049,1.7965442,0.22478454,InfoVis
-0.9000694,0.78827685,-0.068382986,InfoVis
-1.1040604,0.7505298,-0.20201206,InfoVis
2.1631765,2.2189834,-0.3925962,SciVis
-1.1921841,-1.321563,0.20349985,VAST
6.23707,-0.102977864,-0.2442456,SciVis
9.199483,0.33981192,0.09496255,SciVis
-0.737904,1.0086714,0.23565544,InfoVis
-0.4241621,-0.78898317,0.23119754,SciVis
-1.6756613,-1.6135072,-0.30524835,VAST
-0.5020933,2.1209095,0.06764338,InfoVis
-1.280904,-1.3211347,-0.3631348,VAST
-0.49067354,1.1109134,-0.053746846,InfoVis
-1.5513326,-0.2691949,-0.20575568,VAST
-1.1382076,-1.9557948,0.04403126,VAST
2.2785795,-3.5549736,0.39311144,SciVis
0.22852111,2.8098764,0.046761863,InfoVis
8.791445,1.6320001,-0.14754981,SciVis
-1.1136407,0.19892742,0.20606725,InfoVis
0.27311754,-2.0890636,-0.05968861,SciVis
4.191711,-1.1993954,0.21126463,SciVis
-1.1081551,-1.4179575,-0.06617913,VAST
-1.0377237,-0.2847466,0.06462637,InfoVis
1.2671416,0.39350027,0.08047804,SciVis
-0.8777995,-1.3784411,-0.1683206,VAST
1.619598,2.3172839,0.124383144,InfoVis
0.23562494,3.2371714,0.3598419,InfoVis
-1.0106126,1.5413692,-0.028283536,InfoVis
-1.539064,-1.8680786,-0.33869693,VAST
0.5875035,3.0988438,0.23096162,InfoVis
-1.1993737,-1.7667034,0.08916133,VAST
6.5913777,-2.499569,-0.42443255,SciVis
-0.8083262,-0.6840334,-0.1139493,VAST
-0.8962332,1.2119796,0.04040678,InfoVis
-1.6830037,-1.1997273,-0.41386944,InfoVis
-1.2720015,-1.716115,0.037363153,VAST
-0.9596934,-0.7951865,0.21162535,VAST
-1.5907259,-0.07806372,-0.30276144,InfoVis
-1.1960665,-0.48202887,-0.1191746,VAST
-1.3686095,0.96734685,-0.22266783,VAST
-1.6458409,-1.2286397,-0.031722367,VAST
-0.82866013,-0.86885357,-0.017786738,VAST
-1.3389518,-0.13907708,-0.13188228,VAST
-1.3638445,-2.1210017,-0.097718894,VAST
2.5640297,-2.4982433,0.8191098,SciVis
-1.6308113,-0.9998708,-0.52785975,InfoVis
-0.38533086,0.5683317,-0.2779417,InfoVis
-1.2101539,-1.6030656,-0.29900244,VAST
-1.5262625,-1.7581383,0.07559595,VAST
1.0086372,0.5567111,0.5344828,VAST
-0.7820187,0.83270395,0.077775896,InfoVis
7.87685,-0.48340464,-0.6566065,SciVis
-0.8614023,-0.13454583,-0.23168784,VAST
-1.0884389,-0.7927861,-0.42044455,VAST
-1.7588742,-0.9866956,-0.4209941,VAST
-1.3624308,-1.5884192,-0.15372626,VAST
-1.2754196,0.38497177,-0.101006635,VAST
-0.8876941,-0.8999908,-0.12289455,VAST
-1.0166118,-0.020405952,-0.1534272,InfoVis
-1.2800463,-1.3173316,0.38511866,VAST
-1.0536313,0.6210094,0.0028480643,InfoVis
-1.3257871,-1.6867572,0.39425138,VAST
1.6603341,-0.04917459,-0.2812744,SciVis
0.42248258,-0.21426536,0.28450254,InfoVis
-1.3734103,1.003418,-0.27265948,InfoVis
-1.2461432,0.5450027,-0.29233217,InfoVis
-1.2422805,-0.6916555,-0.3285734,InfoVis
-0.5112808,3.4927497,0.4772901,InfoVis
-0.94989586,1.9106671,0.04394807,InfoVis
-0.7698801,0.933293,-0.17244674,InfoVis
-0.77176595,1.0893413,0.16652808,InfoVis
1.9066877,2.8074358,0.013231979,InfoVis
-1.0864183,1.1371284,0.10143636,InfoVis
-0.65726954,-0.40632373,0.5765406,InfoVis
-0.9783625,0.37257627,-0.15788928,InfoVis
1.5761414,3.7790065,-0.22055636,InfoVis
-0.71766526,2.655757,0.06082296,InfoVis
-0.55537194,1.9938905,-0.14336333,InfoVis
-0.8446786,1.223385,-0.02694617,InfoVis
-0.6247187,2.4399924,0.23620255,InfoVis
-0.5912828,2.6155705,0.2729231,InfoVis
-0.93687606,0.50821644,-0.065920606,InfoVis
-0.68278193,-0.032484382,-0.29560506,InfoVis
-0.24146268,2.4617252,0.31555313,InfoVis
-0.5390415,-0.22653009,-0.08121041,InfoVis
1.5752374,-1.3809083,0.3016482,InfoVis
4.6949444,-2.264781,-0.8415259,SciVis
2.5979433,-0.03629196,-0.29099292,SciVis
1.4824823,-0.053525023,-0.2929799,SciVis
-0.26555672,2.5575283,0.15616155,InfoVis
-0.7407578,-1.4528136,1.3126357,InfoVis
3.1681798,-0.32132882,-0.36530346,SciVis
-0.29757956,1.6518139,0.2712093,InfoVis
5.4972205,0.4103796,-0.83571506,SciVis
-0.027666364,2.9975517,0.77420247,InfoVis
-0.3781488,1.1700579,0.22234721,InfoVis
4.0405726,-1.1956168,0.684106,SciVis
12.159517,2.3232832,-0.18977897,SciVis
3.5736957,-1.219773,0.05433414,SciVis
0.96433544,0.8662273,-0.020163551,SciVis
2.4500315,-1.9494289,-0.20150821,SciVis
5.442696,-1.2974914,0.088425614,SciVis
6.5885806,0.07563006,-0.20874044,SciVis
8.143778,-0.53422165,-0.43369323,SciVis
6.577217,-0.75222737,-0.4697771,SciVis
7.88485,0.09093456,-0.28474686,SciVis
5.737606,-1.1290472,-0.30049315,SciVis
8.06784,-2.8516462,0.2223202,SciVis
-0.45010343,-0.7714432,-0.1216206,SciVis
2.895388,-0.8710642,-0.0034012687,SciVis
-0.6185156,1.9214491,0.16748501,InfoVis
-0.83489543,1.5143114,-0.078827776,InfoVis
-0.7053163,1.7540075,-0.06466543,InfoVis
1.6771635,-3.490221,0.784319,SciVis
-0.22526498,1.848153,0.0337237,InfoVis
3.5764205,-0.49881586,-0.71837234,SciVis
-0.22796991,0.8502045,-0.18061216,InfoVis
0.36769494,3.1543717,0.2979395,InfoVis
-1.2659596,0.2764399,-0.018112596,InfoVis
6.1794415,0.067319356,-0.30557376,SciVis
-1.7529905,-0.99256486,-0.40961355,InfoVis
5.891046,-0.6589354,0.011332769,SciVis
-0.76393074,1.8632598,0.13177821,InfoVis
-1.3648676,-0.49802035,-0.31052738,InfoVis
-1.2528877,0.85560274,-0.121976,InfoVis
9.982205,1.1496948,-0.004148026,SciVis
-1.2468584,0.5015296,-0.32474425,InfoVis
-1.5594692,-2.364715,-0.23976183,InfoVis
-0.7618423,-1.1651258,-0.102274396,SciVis
6.2469406,-0.23482955,-0.006291848,SciVis
1.208834,-1.7631557,0.68740946,SciVis
-0.85266805,-2.0717235,0.5971995,SciVis
-0.75874674,-1.932331,0.11647509,SciVis
-1.3205867,-0.72167367,-0.20480935,InfoVis
-1.1332194,-1.4674664,-0.2928482,InfoVis
1.3541441,-1.7593455,0.7315126,SciVis
-1.1313735,-0.7746575,-0.41980076,InfoVis
5.68128,0.6789157,0.28118464,SciVis
6.770792,1.6329379,-0.2496526,SciVis
6.0746837,0.34485775,-0.51858926,SciVis
-1.5104883,-1.7107136,0.099033855,VAST
-1.2214619,-1.750599,0.26630363,VAST
-0.43743855,1.1181179,0.024656681,VAST
-1.4961342,-1.6532836,0.12298465,VAST
-1.4803772,-1.7102488,0.08571427,VAST
-1.4390609,-2.1769977,0.22094247,VAST
-1.4304212,-1.1759858,0.17657688,VAST
0.3757404,-1.0211651,0.42046064,VAST
-0.6791956,1.7683997,0.39682257,VAST
0.13521254,0.31151196,0.11513315,VAST
-1.3340598,-2.298553,0.18425754,VAST
-1.5117648,-0.098573536,-0.3114186,VAST
-1.6023068,-1.7392184,-0.22307974,VAST
-1.578848,-1.731691,0.016275102,VAST
-1.3634349,-1.2356893,-0.46259418,VAST
0.087820694,-2.0789454,0.45336998,VAST
-1.3433936,-1.184732,0.08281297,VAST
-1.1370435,0.15635309,-0.21930096,VAST
0.15636359,-2.0281937,0.81786686,VAST
-1.2126529,-1.1556678,-0.19079915,VAST
-0.8546793,0.01722968,-0.09356419,VAST
0.10819833,-2.2893856,0.60015774,VAST
-0.71629494,-1.8684696,0.42880222,VAST
-0.8330971,-0.42236906,-0.08929432,VAST
-1.260563,-1.6990508,-0.057938904,VAST
-1.1865025,-1.6983995,-0.050888717,VAST
-1.414362,-0.5306309,-0.43877515,VAST
-1.5155408,-0.8321101,-0.32512885,VAST
-1.6259118,-1.2920464,-0.45999134,VAST
-1.7356501,-1.3505099,-0.38318375,VAST
-1.5518941,-2.2051365,-0.052565336,VAST
-1.0978432,-1.7982974,0.0234534,VAST
0.1449385,-0.7170405,0.058667157,VAST
0.030309958,3.920425,0.68517995,InfoVis
-0.19776739,2.9342866,0.4310448,InfoVis
0.13662502,4.290043,0.5946891,InfoVis
-0.511906,2.0206091,0.19819206,InfoVis
-0.5493794,1.4475183,-0.03603511,InfoVis
8.70983,2.7420704,-1.1271318,SciVis
0.6826577,2.6514692,0.00043823718,InfoVis
-1.4170607,-1.7463609,-0.21140689,VAST
-1.5018268,-2.4889662,0.040066767,VAST
-1.43571,-2.3413613,-0.25089535,VAST
-0.76712906,-0.92138845,-0.17519382,VAST
-1.324183,-1.3452771,-0.1215235,VAST
1.0222934,-1.231812,0.0005870323,VAST
-0.8698165,0.7615806,0.031153934,VAST
-1.3058147,-1.3219539,-0.27754378,VAST
-0.9859268,0.46507746,-0.27477697,VAST
-0.90113926,-1.6230614,0.0136789195,VAST
-1.4605023,-0.43440792,-0.42111725,VAST
-0.9260508,-2.5767531,0.06095264,VAST
-0.8204807,0.015431458,-0.22788785,VAST
-0.82673264,0.5642104,0.070952915,VAST
2.7432432,-0.09171676,0.07873579,VAST
-1.2126727,-1.6524287,0.10230759,VAST
-1.4579813,-1.4324455,-0.03721499,VAST
-1.7017716,-0.6870106,-0.35050792,VAST
-1.3706384,-1.8320363,-0.21395387,VAST
-1.3934851,-1.3122603,-0.5485965,VAST
0.97443897,0.4834597,0.39965564,SciVis
1.575171,-1.9149652,0.2540398,SciVis
0.39022046,-2.498944,0.4556089,SciVis
0.5304679,-2.8974166,0.923204,SciVis
0.9940108,-0.49747762,-0.20108126,SciVis
0.29327786,-0.17775151,-0.06900663,SciVis
6.1185975,-0.16317385,0.45695612,SciVis
5.022828,0.39216796,-0.7551679,SciVis
1.1397492,-1.2566167,0.022978598,SciVis
-0.66796446,1.3141199,0.22391196,InfoVis
-0.22844325,1.0410563,0.16590303,InfoVis
7.797257,-0.9830227,-0.07614391,SciVis
-0.48816845,1.8005295,-0.22155444,InfoVis
-0.9583921,1.5116873,-0.105440415,InfoVis
-0.03715929,1.8073676,0.13789327,InfoVis
-0.693152,-1.0457137,-0.1652,InfoVis
0.10262918,1.1142086,0.101947375,InfoVis
-0.59798867,0.52497643,0.20921019,SciVis
-0.9434696,1.6319028,0.27375412,InfoVis
-1.2970368,-1.2718155,0.0674538,SciVis
-1.086715,0.47371757,-0.11280911,InfoVis
-1.213726,-2.345041,-0.047672354,VAST
6.314897,-1.3706977,0.056289654,SciVis
-0.7593503,-0.29239252,0.27363756,InfoVis
9.492062,-1.849318,0.19670013,SciVis
-0.75052917,0.77302164,-0.16906129,InfoVis
3.1477683,0.8594404,0.014198788,SciVis
5.069775,-2.0370274,-0.6243735,SciVis
1.568783,-1.5395076,0.81491095,SciVis
-1.1750782,1.9918227,-0.17422734,InfoVis
-0.51435405,1.6086409,0.16818774,InfoVis
3.7872522,-1.9780666,-0.53525877,SciVis
1.6509831,-0.44179273,-0.022260284,SciVis
5.2779117,-0.71836215,-0.16497384,SciVis
3.7059643,-0.6246729,-0.41756207,SciVis
-0.7327985,1.5383378,0.02438723,InfoVis
-1.0249016,0.515272,-0.13902847,InfoVis
-0.75950015,1.0174525,-0.030395765,InfoVis
1.3181248,1.7851642,0.05027016,InfoVis
-1.3704637,-1.4335923,-0.13761765,InfoVis
4.3520765,0.22357427,-0.5542626,SciVis
1.8715594,-3.1169956,0.618987,SciVis
3.483811,0.31797206,-0.29404464,SciVis
3.7512214,0.2575176,-0.07403072,SciVis
-0.4803358,-1.8548964,0.50513124,SciVis
4.8434715,-1.4150617,0.13728271,SciVis
8.710915,-0.32445785,0.16113873,SciVis
0.96064085,-1.5991431,-0.22305883,SciVis
8.0815115,-0.5595054,0.093984894,SciVis
2.2251968,-3.865702,1.5023458,SciVis
1.6513923,-2.0019405,0.16759406,SciVis
3.8577297,-0.084824465,-0.20876451,SciVis
-1.2084215,2.5679083,-0.033861347,InfoVis
-1.2385403,0.1108398,-0.26031807,InfoVis
0.6021852,2.2200763,-0.096879095,InfoVis
-1.2566102,-0.25049648,-0.15475577,VAST
-1.4493347,-1.4559264,0.13373178,VAST
-1.0721653,-1.6814119,0.3192465,VAST
-1.2375078,-0.9544781,-0.19229737,VAST
-1.5941945,-0.9508307,-0.30253947,VAST
-1.6310633,-0.81849784,-0.37988535,VAST
-1.3139291,-1.7786876,0.25317144,VAST
-1.069365,-0.7687081,0.028557088,VAST
-1.3377563,-1.8395796,-0.13619284,VAST
-1.1882935,-2.4110117,0.169224,VAST
-1.3966436,-1.2572182,-0.16598108,VAST
-1.059686,-0.8081021,0.25823495,VAST
-1.2751142,-1.1072483,-0.1517572,VAST
-1.3991914,-1.3859317,-0.07872514,VAST
-1.6623945,-0.6372478,-0.369194,VAST
-1.5685958,-1.1876403,-0.287503,VAST
-1.5058757,-1.7904271,0.028652042,VAST
-0.43317917,1.2925353,0.11907735,InfoVis
-1.3229117,0.73901093,-0.30970314,InfoVis
-1.1692019,0.759962,0.07839357,InfoVis
-0.8300738,2.7593427,0.3171023,InfoVis
-1.2125343,0.18592554,-0.16696213,VAST
-0.3781911,2.23092,0.18644162,InfoVis
-0.17574488,1.2611984,0.13463493,InfoVis
0.8273698,-0.18505439,0.3103794,InfoVis
-1.3850975,-1.3616545,-0.20959492,VAST
-1.1137031,-0.0054352293,-0.110077456,InfoVis
-1.3152461,-0.95014924,-0.31949824,InfoVis
-1.2141243,-1.445908,-0.0074880533,VAST
-1.2961367,0.42215168,-0.3104697,InfoVis
-1.3291184,0.7656138,-0.16956404,VAST
-0.3056597,1.3577293,-0.14877301,InfoVis
-1.0641191,0.7908333,-0.112589836,InfoVis
-1.3677195,-2.022323,-0.007552899,VAST
-0.16806544,1.615498,0.092584856,InfoVis
-0.64156765,-0.10533512,-0.2799038,InfoVis
-0.968471,-2.1500254,0.5372274,VAST
0.12567784,3.0197854,0.23085876,InfoVis
2.089222,-2.618241,0.3994248,SciVis
-0.3153614,-0.2574165,0.24516357,VAST
2.9532993,-3.2959101,1.3262155,SciVis
4.7429028,-1.1165687,-0.6163112,SciVis
5.5907583,-0.39630002,0.107915655,SciVis
11.167057,1.4941683,-0.090691656,SciVis
-1.6235228,-1.4746197,-0.30555195,VAST
-1.5426878,-1.7893828,-0.14280184,VAST
-0.5957884,0.9926185,-0.26437896,InfoVis
-0.53096837,-0.16771095,0.2420215,VAST
-0.85412186,0.07440749,-0.44782943,SciVis
-1.5371455,0.18864696,-0.27877915,VAST
-1.2245837,-1.2126483,0.06973907,SciVis
0.9444695,-2.407142,0.9440891,SciVis
-1.1425446,0.18949993,-0.17189445,VAST
-1.2232178,0.22412822,-0.22141074,VAST
-0.66462195,-1.6294541,0.26452866,VAST
-1.5012683,-1.2656281,-0.110181525,VAST
-0.19469084,1.8482517,0.14938398,InfoVis
-0.94933337,-2.0607462,0.030291114,VAST
-1.2537031,-2.1677532,0.23854959,VAST
-0.77790076,-2.1618705,0.40886188,VAST
-1.1279908,-1.3715185,-0.34472492,VAST
-1.0259515,-1.3996292,-0.274639,VAST
-1.2704737,-1.7556751,-0.34768376,VAST
-1.3608983,-1.7428917,-0.44624928,VAST
1.2656581,-1.4072541,0.6029308,VAST
-0.16958493,-2.4527822,0.38241804,VAST
-1.5256286,-2.3514194,-0.1892519,VAST
-1.2119412,-1.4506654,-0.11761045,VAST
8.24355,1.132998,-0.39920303,SciVis
-1.3046197,-1.0910016,0.12202583,VAST
-1.5247542,-0.91804487,-0.52291334,VAST
-1.3973093,-0.86004716,-0.27245894,VAST
-1.3050052,-1.3294425,0.19835532,VAST
-1.2798957,-0.50112593,-0.33809868,VAST
3.572521,0.9538371,-0.24782111,SciVis
-1.2823058,-2.2608294,0.12111111,VAST
-1.0534763,-2.0768144,0.017316729,VAST
-1.4407877,-1.3495228,-0.37884146,VAST
-1.453749,-0.7310991,-0.19920449,VAST
-1.0861416,0.5146359,-0.12922679,VAST
-1.3517598,-1.5664102,0.0053434283,VAST
-0.9885743,-0.26478392,-0.15909837,VAST
-1.2945621,-1.2170995,0.046948772,VAST
-1.3749303,-2.5084486,0.336995,VAST
0.0644044,-1.564024,0.10671656,VAST
-0.8715076,-0.96723753,0.12319631,VAST
-1.3027143,-1.2270013,0.3084029,VAST
-0.91202086,2.1597724,0.038397882,InfoVis
-0.68099385,0.81338406,-0.06602489,VAST
0.1785669,1.1223127,-0.24334556,InfoVis
-0.81429565,0.8102608,-0.34876692,InfoVis
-0.68938136,0.5768159,-0.13498788,InfoVis
-0.15406716,2.6266463,0.09708896,InfoVis
-1.4400253,-1.8540976,-0.06144361,VAST
-1.1361463,-2.1304138,0.20958315,VAST
-0.63829124,0.4959534,0.1043425,VAST
-0.99725276,-1.9573023,0.4456761,SciVis
-1.083354,1.5462556,0.046631623,InfoVis
-0.96844614,-1.1669921,-0.031917885,InfoVis
-1.0865319,-1.244784,-0.21237554,InfoVis
-0.9202785,-0.65697163,0.33102375,InfoVis
-1.640292,-0.785982,-0.54202086,InfoVis
-0.98645276,1.1805649,-0.10343573,InfoVis
-0.6107363,0.5703958,0.011080374,InfoVis
-0.9403769,1.3411851,0.18274802,InfoVis
3.1263058,0.9097971,0.006635963,SciVis
1.1384845,-2.25973,-0.13083415,SciVis
2.6497724,-3.6972258,1.3103687,SciVis
0.7428749,0.8336529,-0.2830283,InfoVis
0.011729692,2.014524,-0.033468146,InfoVis
-0.6592235,1.337518,0.01970116,InfoVis
-0.19186898,-0.2230912,0.1331641,InfoVis
-0.25081334,3.6539934,0.4375138,InfoVis
-1.1097609,-1.2683342,-0.21599524,InfoVis
-1.0148766,0.37991422,-0.10828215,InfoVis
-1.2814735,-1.8155788,0.03282307,VAST
-1.4303254,-0.56403965,-0.22426662,InfoVis
-0.6812784,-0.4545167,0.05508184,InfoVis
-1.2956998,-1.7808762,-0.06428934,VAST
-0.51839787,0.503479,0.07926537,SciVis
5.0975347,-1.3268305,-0.09641741,SciVis
5.0909214,0.3032334,-0.30264005,SciVis
6.523479,-1.0627795,-0.57920784,SciVis
-0.6687368,-1.7848232,-0.10355154,VAST
-1.543467,-1.29122,-0.12878999,VAST
0.9846356,-0.25695834,0.060369413,SciVis
3.7447877,-1.3707765,-0.086183295,SciVis
3.081473,-1.2125872,-0.40482014,SciVis
-0.82094026,-0.6133053,-0.09835278,SciVis
-1.4311668,-2.4796097,0.11949431,VAST
-1.3115499,-2.4698262,0.46287718,VAST
-0.5007777,-1.8488101,0.75386685,VAST
-1.742113,-1.6018462,-0.18998206,VAST
-1.528348,-2.1818824,0.11180778,VAST
-0.837075,0.5986747,0.21055107,InfoVis
-0.16939597,2.2102423,0.2683151,InfoVis
2.839308,1.0239973,-0.3516622,SciVis
-1.073733,1.5499378,-0.2357378,InfoVis
1.2643142,-1.0389032,0.41660172,SciVis
1.4160252,-2.8814306,1.1755918,SciVis
-0.37462425,0.06626119,0.07228561,SciVis
-0.8916752,0.6249739,-0.12963764,InfoVis
-0.9752931,0.91034424,-0.25563252,InfoVis
-0.4905546,1.6976941,-0.06833234,InfoVis
0.5092726,4.0815406,0.4216762,InfoVis
-1.0575324,0.3922467,-0.112315,InfoVis
-0.8388298,0.68305206,-0.055717796,InfoVis
-0.85913455,1.7399777,-0.18511514,InfoVis
3.2503047,0.31209207,-0.44715065,SciVis
6.4060497,-2.1457903,-0.0006264911,SciVis
3.3658137,-1.4554344,0.007483648,SciVis
6.35031,-2.7047856,0.037251707,SciVis
-0.061500125,2.6939917,0.37268507,InfoVis
6.8018637,-0.4937151,-0.18736139,SciVis
2.671554,-1.1244855,-0.015035513,SciVis
3.1795468,0.8614378,-0.6411091,SciVis
4.7323284,2.4196353,-0.119390085,SciVis
-1.138623,-0.45866114,-0.19277444,InfoVis
0.0038456533,1.4090583,0.08509723,InfoVis
0.514204,1.5699817,0.20426568,InfoVis
2.6144755,1.500503,-0.19670475,SciVis
0.0846702,3.5067596,0.29573235,SciVis
2.1117566,0.4668945,0.13404818,SciVis
-0.81971353,0.2796967,-0.07783579,InfoVis
-1.0817448,-0.15520805,-0.42936498,VAST
-0.89955693,2.1017046,-0.16289848,InfoVis
-0.7966096,1.8893079,0.16956678,InfoVis
-0.5820974,0.7246853,0.22152603,InfoVis
-0.5275584,2.6003067,0.39984265,InfoVis
6.261428,-0.8074441,0.28816998,SciVis
-1.0568373,-0.8502656,-0.12048458,InfoVis
4.062869,-0.51868874,-0.07089359,SciVis
-0.4951825,1.9245144,0.15601726,InfoVis
0.065666825,2.6136987,0.23884754,SciVis
5.9983134,0.90420204,-0.8933859,SciVis
0.760824,-1.6925584,0.21059419,SciVis
0.01895729,-0.4768828,-0.20847233,SciVis
1.2969711,-3.8679104,1.6450907,SciVis
-1.0391966,-0.15072164,-0.11727605,VAST
-0.25943553,2.197851,0.16289634,InfoVis
0.2210248,2.1189544,-0.025386674,InfoVis
-0.9870635,-0.016166143,-0.0810146,InfoVis
7.750571,-2.3489132,-0.0026328815,SciVis
5.626454,-1.8667724,0.5481443,SciVis
2.7954614,-0.7214596,0.05066393,SciVis
3.438371,-1.3668877,-0.45422572,SciVis
1.3969759,-0.27272406,-0.20511381,SciVis
-1.3534367,1.2718009,-0.27068812,VAST
-1.0074247,0.2929263,0.07444561,VAST
2.7713861,-3.273296,1.1979562,SciVis
-0.7313366,0.1696848,-0.25613496,InfoVis
-0.5168679,2.440874,0.37060735,InfoVis
-1.5153929,-2.4526296,0.007870879,InfoVis
-1.1072638,-0.87439084,0.26063147,SciVis
-0.26435652,3.2687502,0.73714375,InfoVis
-0.39282084,2.1673849,0.2587498,InfoVis
-0.60078615,1.8313274,0.6248878,InfoVis
-1.4972596,-2.419878,-0.2039544,InfoVis
4.045887,-1.0164503,-0.52551097,SciVis
0.3985219,-2.3806136,0.024742559,SciVis
0.70564926,-1.4426609,0.097944565,SciVis
-0.55099165,1.2701726,-0.043577798,InfoVis
-0.26025724,0.34711155,-0.12291924,SciVis
-1.2072439,0.36005017,-0.29624772,InfoVis
-1.2026925,0.2188822,0.3216823,InfoVis
0.09311901,1.7972122,-0.056404788,InfoVis
-0.5335459,0.37577176,-0.33820364,SciVis
-1.1722003,-1.1452175,-0.07433144,VAST
-0.55542344,0.9053506,-0.18064547,InfoVis
-0.27703217,0.087458245,-0.26602882,InfoVis
-1.4545816,-2.3301136,0.013803837,VAST
0.13308999,3.6430085,0.50631565,InfoVis
-1.5236131,-2.2018523,-0.12941037,VAST
0.18654524,-1.7331413,0.15925357,VAST
-1.0999848,-2.6267548,0.4398357,VAST
8.060465,1.0759249,-0.41984344,SciVis
-1.3382431,-0.69158304,-0.25894397,VAST
-0.117754035,0.5614283,0.3758001,SciVis
-1.3909137,-2.0183513,-0.16083257,VAST
0.19526437,-0.38099828,-0.3855564,SciVis
2.2876365,-0.67396045,0.15025106,SciVis
-1.4860646,-2.419587,-0.0017128921,VAST
-0.96695745,-0.6779806,-0.10532186,VAST
-0.59977865,0.46289483,-0.01622986,VAST
-0.6336559,0.48623222,0.10748338,VAST
-1.4920416,-2.4797707,0.11076633,VAST
-0.7336176,-0.8354442,-0.1442086,VAST
-1.0463643,-1.6618931,-0.13729692,VAST
-1.486116,-1.5330324,-0.01842089,VAST
-1.2241775,-1.2387707,-0.10549429,VAST
-1.547954,-0.50989336,-0.42606854,VAST
-1.7097085,-0.7412677,-0.51258856,VAST
-1.4044716,-0.6624074,-0.53335845,VAST
-1.5331537,-1.8238901,-0.13145034,VAST
-1.3732611,-1.2278858,0.019776896,VAST
-1.40018,-1.8496349,-0.13090791,VAST
-1.5437785,-1.4295248,-0.11954312,VAST
-1.3135468,-1.68384,-0.24057968,VAST
0.6031385,2.0380745,-0.061851837,InfoVis
-0.46959272,0.2701584,0.03306401,InfoVis
-1.3367122,-0.90355384,-0.19402468,VAST
-0.95158345,1.585037,0.2670683,InfoVis
-0.4691481,-0.07545515,0.0073309895,VAST
-0.33913493,2.6289616,-0.061147973,InfoVis
-1.0904282,-1.5242146,-0.26229793,InfoVis
-1.2677364,-1.3057597,-0.11226825,VAST
0.9039151,-1.413511,0.90039825,VAST
-1.4734534,-1.8643672,0.050972365,VAST
-1.4901669,-2.3724728,-0.19751681,VAST
-0.9869326,0.18591698,-0.14533134,InfoVis
-1.2211275,0.10341629,-0.23538807,InfoVis
-1.3234656,-0.33182645,-0.03262118,VAST
-1.4368151,-1.6586859,-0.17703633,InfoVis
-1.5606287,-1.8750396,-0.040459666,VAST
-0.97856855,0.13562597,-0.044769827,VAST
-0.45473507,1.1881633,-0.14031966,InfoVis
-1.2681494,-1.6923358,-0.13487227,VAST
-0.75149816,0.84977436,-0.21781316,InfoVis
-0.67547816,0.94354707,-0.07372001,InfoVis
-0.7684024,2.4801002,-0.07742045,InfoVis
3.2169611,2.545603,0.052594155,InfoVis
-1.1444478,1.5768878,0.057173364,InfoVis
-0.9660016,0.2584183,-0.34726816,InfoVis
-1.3488129,-0.27526197,-0.35593468,InfoVis
-1.4712353,-2.0165114,-0.13052231,VAST
-1.0404193,-0.1832521,-0.30098006,VAST
-1.3304012,-1.8729719,0.34061658,VAST
-1.3897625,-2.6079977,-0.10888411,VAST
-1.7839644,-1.2803917,-0.47395232,VAST
-1.1396939,-0.63018703,-0.48881933,VAST
-1.2669129,-1.5493206,-0.07122418,VAST
-1.3058656,-2.3247924,0.097782426,VAST
-1.3614529,-1.8637363,0.020037428,VAST
-1.4089527,-1.6684217,0.16360666,VAST
-1.2071096,-2.696427,0.42949885,VAST
-1.5724553,-1.9624505,-0.15414,VAST
-1.032676,-3.17085,1.071354,VAST
2.9971292,-1.8785887,0.89148945,SciVis
-1.3890717,-1.7095599,-0.37064064,VAST
-1.3414267,-1.224747,-0.146977,VAST
2.4518442,0.7081179,0.20011231,SciVis
2.5010822,1.3686466,-0.007859091,SciVis
-1.372804,-2.287001,0.13480586,VAST
-1.4167869,-2.2536728,-0.080383494,VAST
-1.1959217,-0.03337753,-0.10702468,VAST
-1.4014258,-2.4589303,0.084121086,VAST
2.1577568,-2.3179972,0.5586583,SciVis
5.3148956,-0.97602403,0.14096649,SciVis
2.186412,-2.1999478,-0.22453003,SciVis
4.292373,0.55129886,-0.51748484,SciVis
5.941497,0.5474334,-0.42115894,SciVis
1.4058071,-1.1226873,0.3908307,SciVis
-1.1390102,-0.2018467,-0.1584454,VAST
5.1050806,2.0337503,-0.32749155,SciVis
1.9430809,0.679237,-0.12883975,SciVis
10.226366,-3.1911504,-0.0969067,SciVis
-1.4006243,-1.0311612,-0.24171947,VAST
2.4974668,-3.4021022,1.1365865,SciVis
1.3901671,-3.8575337,1.5226967,SciVis
0.42942834,-0.9460855,0.47169724,SciVis
-1.1377054,-1.1186048,-0.022474295,VAST
-1.3940243,-2.5525339,0.14710431,VAST
9.375458,0.6770374,-0.92997974,SciVis
-1.4426372,-1.2551541,-0.39959213,VAST
1.6589004,-1.7687562,0.9548275,SciVis
4.5922723,-1.3400023,-0.6694832,SciVis
3.400911,-1.05918,0.006362352,SciVis
-0.38156018,-2.638788,0.6672962,VAST
-1.3498614,-0.17750518,-0.3197685,VAST
3.3014126,-2.747782,0.44484666,SciVis
8.06784,-2.8516462,0.2223202,SciVis
-0.041392233,1.8976387,0.16194986,InfoVis
-1.3581741,-2.5695155,0.3828492,VAST
5.9564853,-1.3232791,-0.1887275,SciVis
1.5663227,0.24368633,-0.29225996,SciVis
-1.4765973,-1.6260637,0.059109297,VAST
-1.2207752,-0.7295215,-0.21846291,VAST
6.4909983,-2.1362376,0.8245816,SciVis
9.549955,0.83186233,-0.054707684,SciVis
3.203853,-1.6810654,-0.50523216,SciVis
4.8476505,-0.89943725,-0.035675757,SciVis
0.19111158,-1.7294704,0.9525399,SciVis
3.8626184,-2.0255005,0.4028941,SciVis
0.21489967,-2.0427759,0.1017829,SciVis
3.1086078,-1.3603138,-0.028215911,SciVis
5.9714665,0.4837912,-0.1662925,SciVis
-0.49288052,2.1461356,0.18182747,InfoVis
-1.4262384,-1.659429,-0.20419782,VAST
-1.456742,-1.4990981,-0.13662559,VAST
-0.27968138,-0.051084172,-0.43761396,VAST
-0.30217633,0.07839106,0.07142016,InfoVis
-1.0265075,1.2475665,-0.08591959,InfoVis
0.45150635,-3.1430228,0.9700981,VAST
-0.36488435,0.0023456293,-0.13848554,InfoVis
-1.1175221,-1.8071615,-0.1915376,VAST
-0.17016803,2.7812054,0.4100834,InfoVis
-0.23348945,0.6198455,-0.026540153,InfoVis
-0.66152334,2.317306,-0.05523516,InfoVis
0.29393014,3.3229747,0.31887445,InfoVis
-1.2740172,-0.89122295,-0.12368583,InfoVis
-0.35860744,1.6124271,0.28796962,InfoVis
-1.3158733,-1.3175128,0.18337598,VAST
-0.85206133,0.12806095,0.087501675,VAST
-0.7980678,-0.918803,-0.14213425,VAST
-1.1348013,-0.6511579,-0.3009175,VAST
-1.4606974,-1.8779318,-0.28204256,VAST
-0.97752106,0.93350786,0.092376836,VAST
0.5947912,1.6676896,0.09484262,VAST
-1.0785936,-2.0941298,-0.004366262,VAST
-1.4616994,-2.2938125,0.0252442,VAST
-1.4103805,0.051717855,-0.6096277,VAST
-1.0574638,-1.9839361,-0.2658327,VAST
-1.4309858,-1.6494247,-0.099335685,VAST
-1.2248594,-1.6566652,-0.22856146,VAST
-1.5288103,-2.3065531,-0.16734247,VAST
-1.3161936,-1.4843374,0.112547524,VAST
-1.0214437,-2.4279907,0.30434805,VAST
-1.2776061,-2.435673,-0.068535455,VAST
-1.2554715,-1.2753242,0.18256849,VAST
-1.2260593,-1.050388,-0.1398459,VAST
-0.0337142,-1.7529529,0.87971306,VAST
-0.5156216,-0.1525648,-0.21255049,InfoVis
-0.67718905,-0.48714104,-0.32639217,InfoVis
-0.74902767,1.1351881,0.008089928,InfoVis
-1.5350174,-1.0073802,-0.20113641,InfoVis
1.7663757,2.7400463,0.090898156,InfoVis
-1.0206658,0.36553508,-0.19070843,InfoVis
-1.3948884,-0.88052595,-0.010292697,InfoVis
-0.4016117,1.0901562,-0.1529086,InfoVis
-1.5679487,0.34753984,-0.3573034,InfoVis
-0.04314998,1.0669888,0.05272772,InfoVis
-0.44273356,1.9940103,-0.00015620996,InfoVis
-1.2478559,-0.11622662,-0.0049530216,InfoVis
-0.95248026,0.1472031,-0.17670453,InfoVis
1.117259,4.024143,0.4877497,InfoVis
0.025817066,2.309754,0.15392578,InfoVis
-1.4245281,0.6081334,-0.37580326,InfoVis
-1.1451702,0.68087745,-0.13921656,InfoVis
1.7904758,2.1738465,0.027781952,InfoVis
-0.30699104,1.8089328,-0.07333348,InfoVis
-0.35803896,2.0268276,0.18857566,InfoVis
0.17917147,-0.07356045,0.29776064,InfoVis
-0.6243848,0.8997228,-0.20260112,InfoVis
-0.34575585,0.017957957,-0.027107798,InfoVis
-0.90462816,-0.03203923,0.112050295,InfoVis
-1.3140309,-2.447442,0.076231994,InfoVis
-0.82431185,1.1157488,0.0055087516,InfoVis
-1.1412665,-0.55055815,-0.14867309,InfoVis
-1.0052313,0.38804808,0.11949916,InfoVis
-0.80031055,0.30832908,-0.21939011,InfoVis
-0.5909463,1.6871486,0.20794658,InfoVis
0.47778997,1.0397519,0.035893578,InfoVis
-0.2780852,2.3304656,0.22020254,InfoVis
-0.48559877,1.2500786,0.16377866,InfoVis
-0.72609776,0.492152,-0.00459685,InfoVis
-0.80608094,2.2855363,-0.036668137,InfoVis
0.76316965,1.606739,-0.12761231,InfoVis
-1.4554362,-1.100336,-0.41101795,VAST
-1.3539445,-0.49154317,-0.1074834,VAST
-1.2116129,-1.0674528,-0.024171451,VAST
-0.91182506,1.4498667,-0.0072681797,VAST
-1.2490406,-1.3678705,-0.23201202,VAST
-1.1622899,0.7106037,0.06977366,VAST
-1.5350142,-0.9657541,-0.19213717,VAST
-0.60878444,0.5026033,-0.066649124,InfoVis
-1.2583961,0.36007774,-0.23180933,
